Workbook

Sheet Average
A1: TEAM | B1: TEAM # | C1: GP | D1: W | E1: L | F1: WIN% | G1: MIN | H1: PTS | I1: FGM | J1: FGA | K1: FG% | L1: 3PM | M1: 3PA | N1: 3P% | O1: FTM | P1: FTA | Q1: FT% | R1: OREB | S1: DREB | T1: REB | U1: AST | V1: TOV | W1: STL | X1: BLK | Y1: BLKA | Z1: PF | AA1: PFD | AB1: +/-
A2: Washington Wizards | B2: 1 | C2: 82 | D2: =AVERAGE('2018'!D2,'2017'!D2,'2016'!D2,'2015'!D2,'2014'!D2,'2013'!D2) -> 42.5 | E2: =AVERAGE('2018'!E2,'2017'!E2,'2016'!E2,'2015'!E2,'2014'!E2,'2013'!E2) -> 39.5 | F2: =AVERAGE('2018'!F2,'2017'!F2,'2016'!F2,'2015'!F2,'2014'!F2,'2013'!F2) -> 0.51833333 | G2: =AVERAGE('2018'!G2,'2017'!G2,'2016'!G2,'2015'!G2,'2014'!G2,'2013'!G2) -> 48.533333 | H2: =AVERAGE('2018'!H2,'2017'!H2,'2016'!H2,'2015'!H2,'2014'!H2,'2013'!H2) -> 105.51667 | I2: =AVERAGE('2018'!I2,'2017'!I2,'2016'!I2,'2015'!I2,'2014'!I2,'2013'!I2) -> 39.966667 | J2: =AVERAGE('2018'!J2,'2017'!J2,'2016'!J2,'2015'!J2,'2014'!J2,'2013'!J2) -> 85.95 | K2: =AVERAGE('2018'!K2,'2017'!K2,'2016'!K2,'2015'!K2,'2014'!K2,'2013'!K2) -> 46.516667 | ... AB2: =AVERAGE('2018'!AB2,'2017'!AB2,'2016'!AB2,'2015'!AB2,'2014'!AB2,'2013'!AB2) -> 0.16666667
A3: Utah Jazz | B3: 2 | C3: 82 | D3: =AVERAGE('2018'!D3,'2017'!D3,'2016'!D3,'2015'!D3,'2014'!D3,'2013'!D3) -> 42 | E3: =AVERAGE('2018'!E3,'2017'!E3,'2016'!E3,'2015'!E3,'2014'!E3,'2013'!E3) -> 40 | F3: =AVERAGE('2018'!F3,'2017'!F3,'2016'!F3,'2015'!F3,'2014'!F3,'2013'!F3) -> 0.51216667 | G3: =AVERAGE('2018'!G3,'2017'!G3,'2016'!G3,'2015'!G3,'2014'!G3,'2013'!G3) -> 48.266667 | H3: =AVERAGE('2018'!H3,'2017'!H3,'2016'!H3,'2015'!H3,'2014'!H3,'2013'!H3) -> 100.71667 | I3: =AVERAGE('2018'!I3,'2017'!I3,'2016'!I3,'2015'!I3,'2014'!I3,'2013'!I3) -> 37.2 | J3: =AVERAGE('2018'!J3,'2017'!J3,'2016'!J3,'2015'!J3,'2014'!J3,'2013'!J3) -> 81.583333 | K3: =AVERAGE('2018'!K3,'2017'!K3,'2016'!K3,'2015'!K3,'2014'!K3,'2013'!K3) -> 45.6 | ... AB3: =AVERAGE('2018'!AB3,'2017'!AB3,'2016'!AB3,'2015'!AB3,'2014'!AB3,'2013'!AB3) -> 1.3833333
A4: Toronto Raptors | B4: 3 | C4: 82 | D4: =AVERAGE('2018'!D4,'2017'!D4,'2016'!D4,'2015'!D4,'2014'!D4,'2013'!D4) -> 53.5 | E4: =AVERAGE('2018'!E4,'2017'!E4,'2016'!E4,'2015'!E4,'2014'!E4,'2013'!E4) -> 28.5 | F4: =AVERAGE('2018'!F4,'2017'!F4,'2016'!F4,'2015'!F4,'2014'!F4,'2013'!F4) -> 0.6525 | G4: =AVERAGE('2018'!G4,'2017'!G4,'2016'!G4,'2015'!G4,'2014'!G4,'2013'!G4) -> 48.4 | H4: =AVERAGE('2018'!H4,'2017'!H4,'2016'!H4,'2015'!H4,'2014'!H4,'2013'!H4) -> 106.83333 | I4: =AVERAGE('2018'!I4,'2017'!I4,'2016'!I4,'2015'!I4,'2014'!I4,'2013'!I4) -> 38.966667 | J4: =AVERAGE('2018'!J4,'2017'!J4,'2016'!J4,'2015'!J4,'2014'!J4,'2013'!J4) -> 84.566667 | K4: =AVERAGE('2018'!K4,'2017'!K4,'2016'!K4,'2015'!K4,'2014'!K4,'2013'!K4) -> 46.016667 | ... AB4: =AVERAGE('2018'!AB4,'2017'!AB4,'2016'!AB4,'2015'!AB4,'2014'!AB4,'2013'!AB4) -> 4.8166667
A5: San Antonio Spurs | B5: 4 | C5: 82 | D5: =AVERAGE('2018'!D5,'2017'!D5,'2016'!D5,'2015'!D5,'2014'!D5,'2013'!D5) -> 56.666667 | E5: =AVERAGE('2018'!E5,'2017'!E5,'2016'!E5,'2015'!E5,'2014'!E5,'2013'!E5) -> 25.333333 | F5: =AVERAGE('2018'!F5,'2017'!F5,'2016'!F5,'2015'!F5,'2014'!F5,'2013'!F5) -> 0.691 | G5: =AVERAGE('2018'!G5,'2017'!G5,'2016'!G5,'2015'!G5,'2014'!G5,'2013'!G5) -> 48.283333 | H5: =AVERAGE('2018'!H5,'2017'!H5,'2016'!H5,'2015'!H5,'2014'!H5,'2013'!H5) -> 105.3 | I5: =AVERAGE('2018'!I5,'2017'!I5,'2016'!I5,'2015'!I5,'2014'!I5,'2013'!I5) -> 40.066667 | J5: =AVERAGE('2018'!J5,'2017'!J5,'2016'!J5,'2015'!J5,'2014'!J5,'2013'!J5) -> 84.583333 | K5: =AVERAGE('2018'!K5,'2017'!K5,'2016'!K5,'2015'!K5,'2014'!K5,'2013'!K5) -> 47.366667 | ... AB5: =AVERAGE('2018'!AB5,'2017'!AB5,'2016'!AB5,'2015'!AB5,'2014'!AB5,'2013'!AB5) -> 6.05
A6: Sacramento Kings | B6: 5 | C6: 82 | D6: =AVERAGE('2018'!D6,'2017'!D6,'2016'!D6,'2015'!D6,'2014'!D6,'2013'!D6) -> 26.333333 | E6: =AVERAGE('2018'!E6,'2017'!E6,'2016'!E6,'2015'!E6,'2014'!E6,'2013'!E6) -> 50.666667 | F6: =AVERAGE('2018'!F6,'2017'!F6,'2016'!F6,'2015'!F6,'2014'!F6,'2013'!F6) -> 0.382 | G6: =AVERAGE('2018'!G6,'2017'!G6,'2016'!G6,'2015'!G6,'2014'!G6,'2013'!G6) -> 48.316667 | H6: =AVERAGE('2018'!H6,'2017'!H6,'2016'!H6,'2015'!H6,'2014'!H6,'2013'!H6) -> 104.03333 | I6: =AVERAGE('2018'!I6,'2017'!I6,'2016'!I6,'2015'!I6,'2014'!I6,'2013'!I6) -> 38.916667 | J6: =AVERAGE('2018'!J6,'2017'!J6,'2016'!J6,'2015'!J6,'2014'!J6,'2013'!J6) -> 85.15 | K6: =AVERAGE('2018'!K6,'2017'!K6,'2016'!K6,'2015'!K6,'2014'!K6,'2013'!K6) -> 45.683333 | ... AB6: =AVERAGE('2018'!AB6,'2017'!AB6,'2016'!AB6,'2015'!AB6,'2014'!AB6,'2013'!AB6) -> -3.5166667
A7: Portland Trail Blazers | B7: 6 | C7: 82 | D7: =AVERAGE('2018'!D7,'2017'!D7,'2016'!D7,'2015'!D7,'2014'!D7,'2013'!D7) -> 48.666667 | E7: =AVERAGE('2018'!E7,'2017'!E7,'2016'!E7,'2015'!E7,'2014'!E7,'2013'!E7) -> 33.333333 | F7: =AVERAGE('2018'!F7,'2017'!F7,'2016'!F7,'2015'!F7,'2014'!F7,'2013'!F7) -> 0.59366667 | G7: =AVERAGE('2018'!G7,'2017'!G7,'2016'!G7,'2015'!G7,'2014'!G7,'2013'!G7) -> 48.383333 | H7: =AVERAGE('2018'!H7,'2017'!H7,'2016'!H7,'2015'!H7,'2014'!H7,'2013'!H7) -> 107.13333 | I7: =AVERAGE('2018'!I7,'2017'!I7,'2016'!I7,'2015'!I7,'2014'!I7,'2013'!I7) -> 39.583333 | J7: =AVERAGE('2018'!J7,'2017'!J7,'2016'!J7,'2015'!J7,'2014'!J7,'2013'!J7) -> 87.1 | K7: =AVERAGE('2018'!K7,'2017'!K7,'2016'!K7,'2015'!K7,'2014'!K7,'2013'!K7) -> 45.466667 | ... AB7: =AVERAGE('2018'!AB7,'2017'!AB7,'2016'!AB7,'2015'!AB7,'2014'!AB7,'2013'!AB7) -> 2.55
A8: Phoenix Suns | B8: 7 | C8: 82 | D8: =AVERAGE('2018'!D8,'2017'!D8,'2016'!D8,'2015'!D8,'2014'!D8,'2013'!D8) -> 29 | E8: =AVERAGE('2018'!E8,'2017'!E8,'2016'!E8,'2015'!E8,'2014'!E8,'2013'!E8) -> 53 | F8: =AVERAGE('2018'!F8,'2017'!F8,'2016'!F8,'2015'!F8,'2014'!F8,'2013'!F8) -> 0.35366667 | G8: =AVERAGE('2018'!G8,'2017'!G8,'2016'!G8,'2015'!G8,'2014'!G8,'2013'!G8) -> 48.3 | H8: =AVERAGE('2018'!H8,'2017'!H8,'2016'!H8,'2015'!H8,'2014'!H8,'2013'!H8) -> 104.6 | I8: =AVERAGE('2018'!I8,'2017'!I8,'2016'!I8,'2015'!I8,'2014'!I8,'2013'!I8) -> 38.866667 | J8: =AVERAGE('2018'!J8,'2017'!J8,'2016'!J8,'2015'!J8,'2014'!J8,'2013'!J8) -> 86.316667 | K8: =AVERAGE('2018'!K8,'2017'!K8,'2016'!K8,'2015'!K8,'2014'!K8,'2013'!K8) -> 45.016667 | ... AB8: =AVERAGE('2018'!AB8,'2017'!AB8,'2016'!AB8,'2015'!AB8,'2014'!AB8,'2013'!AB8) -> -4.8833333
A9: Philadelphia 76ers | B9: 8 | C9: 82 | D9: =AVERAGE('2018'!D9,'2017'!D9,'2016'!D9,'2015'!D9,'2014'!D9,'2013'!D9) -> 29.666667 | E9: =AVERAGE('2018'!E9,'2017'!E9,'2016'!E9,'2015'!E9,'2014'!E9,'2013'!E9) -> 52.333333 | F9: =AVERAGE('2018'!F9,'2017'!F9,'2016'!F9,'2015'!F9,'2014'!F9,'2013'!F9) -> 0.36183333 | G9: =AVERAGE('2018'!G9,'2017'!G9,'2016'!G9,'2015'!G9,'2014'!G9,'2013'!G9) -> 48.316667 | H9: =AVERAGE('2018'!H9,'2017'!H9,'2016'!H9,'2015'!H9,'2014'!H9,'2013'!H9) -> 102.71667 | I9: =AVERAGE('2018'!I9,'2017'!I9,'2016'!I9,'2015'!I9,'2014'!I9,'2013'!I9) -> 37.966667 | J9: =AVERAGE('2018'!J9,'2017'!J9,'2016'!J9,'2015'!J9,'2014'!J9,'2013'!J9) -> 85.65 | K9: =AVERAGE('2018'!K9,'2017'!K9,'2016'!K9,'2015'!K9,'2014'!K9,'2013'!K9) -> 44.316667 | ... AB9: =AVERAGE('2018'!AB9,'2017'!AB9,'2016'!AB9,'2015'!AB9,'2014'!AB9,'2013'!AB9) -> -4.7
A10: Orlando Magic | B10: 9 | C10: 82 | D10: =AVERAGE('2018'!D10,'2017'!D10,'2016'!D10,'2015'!D10,'2014'!D10,'2013'!D10) -> 29.833333 | E10: =AVERAGE('2018'!E10,'2017'!E10,'2016'!E10,'2015'!E10,'2014'!E10,'2013'!E10) -> 52.166667 | F10: =AVERAGE('2018'!F10,'2017'!F10,'2016'!F10,'2015'!F10,'2014'!F10,'2013'!F10) -> 0.36383333 | G10: =AVERAGE('2018'!G10,'2017'!G10,'2016'!G10,'2015'!G10,'2014'!G10,'2013'!G10) -> 48.333333 | H10: =AVERAGE('2018'!H10,'2017'!H10,'2016'!H10,'2015'!H10,'2014'!H10,'2013'!H10) -> 101.01667 | I10: =AVERAGE('2018'!I10,'2017'!I10,'2016'!I10,'2015'!I10,'2014'!I10,'2013'!I10) -> 38.566667 | J10: =AVERAGE('2018'!J10,'2017'!J10,'2016'!J10,'2015'!J10,'2014'!J10,'2013'!J10) -> 85.716667 | K10: =AVERAGE('2018'!K10,'2017'!K10,'2016'!K10,'2015'!K10,'2014'!K10,'2013'!K10) -> 44.983333 | ... AB10: =AVERAGE('2018'!AB10,'2017'!AB10,'2016'!AB10,'2015'!AB10,'2014'!AB10,'2013'!AB10) -> -3.9
A11: Oklahoma City Thunder | B11: 10 | C11: 82 | D11: =AVERAGE('2018'!D11,'2017'!D11,'2016'!D11,'2015'!D11,'2014'!D11,'2013'!D11) -> 50.5 | E11: =AVERAGE('2018'!E11,'2017'!E11,'2016'!E11,'2015'!E11,'2014'!E11,'2013'!E11) -> 31.5 | F11: =AVERAGE('2018'!F11,'2017'!F11,'2016'!F11,'2015'!F11,'2014'!F11,'2013'!F11) -> 0.616 | G11: =AVERAGE('2018'!G11,'2017'!G11,'2016'!G11,'2015'!G11,'2014'!G11,'2013'!G11) -> 48.366667 | H11: =AVERAGE('2018'!H11,'2017'!H11,'2016'!H11,'2015'!H11,'2014'!H11,'2013'!H11) -> 108.23333 | I11: =AVERAGE('2018'!I11,'2017'!I11,'2016'!I11,'2015'!I11,'2014'!I11,'2013'!I11) -> 40.15 | J11: =AVERAGE('2018'!J11,'2017'!J11,'2016'!J11,'2015'!J11,'2014'!J11,'2013'!J11) -> 87.566667 | K11: =AVERAGE('2018'!K11,'2017'!K11,'2016'!K11,'2015'!K11,'2014'!K11,'2013'!K11) -> 45.883333 | ... AB11: =AVERAGE('2018'!AB11,'2017'!AB11,'2016'!AB11,'2015'!AB11,'2014'!AB11,'2013'!AB11) -> 3.9
A12: New York Knicks | B12: 11 | C12: 82 | D12: =AVERAGE('2018'!D12,'2017'!D12,'2016'!D12,'2015'!D12,'2014'!D12,'2013'!D12) -> 27.166667 | E12: =AVERAGE('2018'!E12,'2017'!E12,'2016'!E12,'2015'!E12,'2014'!E12,'2013'!E12) -> 54.833333 | F12: =AVERAGE('2018'!F12,'2017'!F12,'2016'!F12,'2015'!F12,'2014'!F12,'2013'!F12) -> 0.33116667 | G12: =AVERAGE('2018'!G12,'2017'!G12,'2016'!G12,'2015'!G12,'2014'!G12,'2013'!G12) -> 48.35 | H12: =AVERAGE('2018'!H12,'2017'!H12,'2016'!H12,'2015'!H12,'2014'!H12,'2013'!H12) -> 100.38333 | I12: =AVERAGE('2018'!I12,'2017'!I12,'2016'!I12,'2015'!I12,'2014'!I12,'2013'!I12) -> 37.9 | J12: =AVERAGE('2018'!J12,'2017'!J12,'2016'!J12,'2015'!J12,'2014'!J12,'2013'!J12) -> 85.45 | K12: =AVERAGE('2018'!K12,'2017'!K12,'2016'!K12,'2015'!K12,'2014'!K12,'2013'!K12) -> 44.333333 | ... AB12: =AVERAGE('2018'!AB12,'2017'!AB12,'2016'!AB12,'2015'!AB12,'2014'!AB12,'2013'!AB12) -> -4.8833333
A13: New Orleans Pelicans | B13: 12 | C13: 82 | D13: =AVERAGE('2018'!D13,'2017'!D13,'2016'!D13,'2015'!D13,'2014'!D13,'2013'!D13) -> 37.333333 | E13: =AVERAGE('2018'!E13,'2017'!E13,'2016'!E13,'2015'!E13,'2014'!E13,'2013'!E13) -> 44.666667 | F13: =AVERAGE('2018'!F13,'2017'!F13,'2016'!F13,'2015'!F13,'2014'!F13,'2013'!F13) -> 0.45533333 | G13: =AVERAGE('2018'!G13,'2017'!G13,'2016'!G13,'2015'!G13,'2014'!G13,'2013'!G13) -> 48.366667 | H13: =AVERAGE('2018'!H13,'2017'!H13,'2016'!H13,'2015'!H13,'2014'!H13,'2013'!H13) -> 105.53333 | I13: =AVERAGE('2018'!I13,'2017'!I13,'2016'!I13,'2015'!I13,'2014'!I13,'2013'!I13) -> 39.95 | J13: =AVERAGE('2018'!J13,'2017'!J13,'2016'!J13,'2015'!J13,'2014'!J13,'2013'!J13) -> 86.466667 | K13: =AVERAGE('2018'!K13,'2017'!K13,'2016'!K13,'2015'!K13,'2014'!K13,'2013'!K13) -> 46.166667 | ... AB13: =AVERAGE('2018'!AB13,'2017'!AB13,'2016'!AB13,'2015'!AB13,'2014'!AB13,'2013'!AB13) -> -1.3
... A31: Atlanta Hawks | B31: 30 | C31: 82 | D31: =AVERAGE('2018'!D31,'2017'!D31,'2016'!D31,'2015'!D31,'2014'!D31,'2013'!D31) -> 40.333333 | E31: =AVERAGE('2018'!E31,'2017'!E31,'2016'!E31,'2015'!E31,'2014'!E31,'2013'!E31) -> 41.666667 | F31: =AVERAGE('2018'!F31,'2017'!F31,'2016'!F31,'2015'!F31,'2014'!F31,'2013'!F31) -> 0.49183333 | G31: =AVERAGE('2018'!G31,'2017'!G31,'2016'!G31,'2015'!G31,'2014'!G31,'2013'!G31) -> 48.316667 | H31: =AVERAGE('2018'!H31,'2017'!H31,'2016'!H31,'2015'!H31,'2014'!H31,'2013'!H31) -> 104.36667 | I31: =AVERAGE('2018'!I31,'2017'!I31,'2016'!I31,'2015'!I31,'2014'!I31,'2013'!I31) -> 38.616667 | J31: =AVERAGE('2018'!J31,'2017'!J31,'2016'!J31,'2015'!J31,'2014'!J31,'2013'!J31) -> 84.9 | K31: =AVERAGE('2018'!K31,'2017'!K31,'2016'!K31,'2015'!K31,'2014'!K31,'2013'!K31) -> 45.5 | ... AB31: =AVERAGE('2018'!AB31,'2017'!AB31,'2016'!AB31,'2015'!AB31,'2014'!AB31,'2013'!AB31) -> -0.65

Sheet 2018
A1: TEAM | B1: TEAM # | C1: GP | D1: W | E1: L | F1: WIN% | G1: MIN | H1: PTS | I1: FGM | J1: FGA | K1: FG% | L1: 3PM | M1: 3PA | N1: 3P% | O1: FTM | P1: FTA | Q1: FT% | R1: OREB | S1: DREB | T1: REB | U1: AST | V1: TOV | W1: STL | X1: BLK | Y1: BLKA | Z1: PF | AA1: PFD | AB1: +/-
A2: Washington Wizards | B2: 1 | C2: 82 | D2: 32 | E2: 50 | F2: 0.39 | G2: 48.6 | H2: 114 | I2: 42.1 | J2: 90.1 | K2: 46.8 | L2: 11.3 | M2: 33.3 | N2: 34.1 | O2: 18.4 | P2: 23.9 | Q2: 76.8 | R2: 9.7 | S2: 32.7 | T2: 42.4 | U2: 26.3 | V2: 14.1 | W2: 8.3 | X2: 4.6 | Y2: 4.6 | Z2: 20.7 | AA2: 21.2 | AB2: -2.9
A3: Utah Jazz | B3: 2 | C3: 82 | D3: 50 | E3: 32 | F3: 0.61 | G3: 48.2 | H3: 111.7 | I3: 40.4 | J3: 86.4 | K3: 46.8 | L3: 12.1 | M3: 34 | N3: 35.6 | O3: 18.8 | P3: 25.5 | Q3: 73.6 | R3: 10 | S3: 36.4 | T3: 46.4 | U3: 26 | V3: 15.1 | W3: 8.1 | X3: 5.9 | Y3: 4.6 | Z3: 21.1 | AA3: 22.4 | AB3: 5.3
A4: Toronto Raptors | B4: 3 | C4: 82 | D4: 58 | E4: 24 | F4: 0.707 | G4: 48.5 | H4: 114.4 | I4: 42.2 | J4: 89.1 | K4: 47.4 | L4: 12.4 | M4: 33.8 | N4: 36.6 | O4: 17.7 | P4: 22 | Q4: 80.4 | R4: 9.6 | S4: 35.6 | T4: 45.2 | U4: 25.4 | V4: 14 | W4: 8.3 | X4: 5.3 | Y4: 4.5 | Z4: 21 | AA4: 20.5 | AB4: 6.1
A5: San Antonio Spurs | B5: 4 | C5: 82 | D5: 48 | E5: 34 | F5: 0.585 | G5: 48.3 | H5: 111.7 | I5: 42.3 | J5: 88.4 | K5: 47.8 | L5: 9.9 | M5: 25.3 | N5: 39.2 | O5: 17.2 | P5: 21 | Q5: 81.9 | R5: 9.2 | S5: 35.5 | T5: 44.7 | U5: 24.5 | V5: 12.1 | W5: 6.1 | X5: 4.7 | Y5: 4 | Z5: 18.1 | AA5: 19.6 | AB5: 1.7
A6: Sacramento Kings | B6: 5 | C6: 82 | D6: 39 | E6: 43 | F6: 0.476 | G6: 48.1 | H6: 114.2 | I6: 43.2 | J6: 93.1 | K6: 46.4 | L6: 11.3 | M6: 29.9 | N6: 37.8 | O6: 16.5 | P6: 22.7 | Q6: 72.6 | R6: 11 | S6: 34.4 | T6: 45.4 | U6: 25.4 | V6: 13.4 | W6: 8.3 | X6: 4.4 | Y6: 5.1 | Z6: 21.4 | AA6: 21.4 | AB6: -1.1
A7: Portland Trail Blazers | B7: 6 | C7: 82 | D7: 53 | E7: 29 | F7: 0.646 | G7: 48.4 | H7: 114.7 | I7: 42.3 | J7: 90.6 | K7: 46.7 | L7: 11 | M7: 30.7 | N7: 35.9 | O7: 19 | P7: 23.3 | Q7: 81.4 | R7: 11.8 | S7: 36.2 | T7: 48 | U7: 23 | V7: 13.8 | W7: 6.7 | X7: 5 | Y7: 5.1 | Z7: 20.4 | AA7: 20.7 | AB7: 4.2
A8: Phoenix Suns | B8: 7 | C8: 82 | D8: 19 | E8: 63 | F8: 0.232 | G8: 48.5 | H8: 107.5 | I8: 40.1 | J8: 87.4 | K8: 45.9 | L8: 9.6 | M8: 29.3 | N8: 32.9 | O8: 17.6 | P8: 22.7 | Q8: 77.9 | R8: 9.1 | S8: 31.3 | T8: 40.4 | U8: 23.9 | V8: 15.6 | W8: 9 | X8: 5.1 | Y8: 5 | Z8: 23.6 | AA8: 20.7 | AB8: -9.3
A9: Philadelphia 76ers | B9: 8 | C9: 82 | D9: 51 | E9: 31 | F9: 0.622 | G9: 48.3 | H9: 115.2 | I9: 41.5 | J9: 88.2 | K9: 47.1 | L9: 10.8 | M9: 30.2 | N9: 35.9 | O9: 21.2 | P9: 27.5 | Q9: 77.1 | R9: 10.9 | S9: 36.9 | T9: 47.8 | U9: 26.9 | V9: 14.9 | W9: 7.4 | X9: 5.3 | Y9: 4.1 | Z9: 21.3 | AA9: 22.1 | AB9: 2.7
A10: Orlando Magic | B10: 9 | C10: 82 | D10: 42 | E10: 40 | F10: 0.512 | G10: 48.2 | H10: 107.3 | I10: 40.4 | J10: 89.1 | K10: 45.4 | L10: 11.4 | M10: 32.1 | N10: 35.6 | O10: 15 | P10: 19.2 | Q10: 78.2 | R10: 10 | S10: 35.4 | T10: 45.4 | U10: 25.5 | V10: 13.2 | W10: 6.6 | X10: 5.4 | Y10: 4.4 | Z10: 18.6 | AA10: 18.7 | AB10: 0.7
A11: Oklahoma City Thunder | B11: 10 | C11: 82 | D11: 49 | E11: 33 | F11: 0.598 | G11: 48.4 | H11: 114.5 | I11: 42.6 | J11: 94 | K11: 45.4 | L11: 11.4 | M11: 32.6 | N11: 34.8 | O11: 17.8 | P11: 25 | Q11: 71.3 | R11: 12.6 | S11: 35.5 | T11: 48.1 | U11: 23.4 | V11: 14 | W11: 9.3 | X11: 5.2 | Y11: 5.1 | Z11: 22.4 | AA11: 22.5 | AB11: 3.4
A12: New York Knicks | B12: 11 | C12: 82 | D12: 17 | E12: 65 | F12: 0.207 | G12: 48.2 | H12: 104.6 | I12: 38.2 | J12: 88.3 | K12: 43.3 | L12: 10 | M12: 29.5 | N12: 34 | O12: 18.1 | P12: 23.9 | Q12: 75.9 | R12: 10.5 | S12: 34.3 | T12: 44.7 | U12: 20.1 | V12: 14 | W12: 6.8 | X12: 5.1 | Y12: 5.6 | Z12: 20.9 | AA12: 20.8 | AB12: -9.2
A13: New Orleans Pelicans | B13: 12 | C13: 82 | D13: 33 | E13: 49 | F13: 0.402 | G13: 48.2 | H13: 115.4 | I13: 43.7 | J13: 92.2 | K13: 47.3 | L13: 10.3 | M13: 29.9 | N13: 34.4 | O13: 17.8 | P13: 23.4 | Q13: 76.1 | R13: 11.1 | S13: 36.2 | T13: 47.3 | U13: 27 | V13: 14.8 | W13: 7.4 | X13: 5.4 | Y13: 5.4 | Z13: 21.1 | AA13: 21 | AB13: -1.3
... A31: Atlanta Hawks | B31: 30 | C31: 82 | D31: 29 | E31: 53 | F31: 0.354 | G31: 48.4 | H31: 113.3 | I31: 41.4 | J31: 91.8 | K31: 45.1 | L31: 13 | M31: 37 | N31: 35.2 | O31: 17.6 | P31: 23.4 | Q31: 75.2 | R31: 11.6 | S31: 34.5 | T31: 46.1 | U31: 25.8 | V31: 17 | W31: 8.2 | X31: 5.1 | Y31: 5.5 | Z31: 23.6 | AA31: 22.2 | AB31: -6

Sheet 2017
A1: TEAM | B1: TEAM # | C1: GP | D1: W | E1: L | F1: WIN% | G1: MIN | H1: PTS | I1: FGM | J1: FGA | K1: FG% | L1: 3PM | M1: 3PA | N1: 3P% | O1: FTM | P1: FTA | Q1: FT% | R1: OREB | S1: DREB | T1: REB | U1: AST | V1: TOV | W1: STL | X1: BLK | Y1: BLKA | Z1: PF | AA1: PFD | AB1: +/-
A2: Washington Wizards | B2: 1 | C2: 82 | D2: 43 | E2: 39 | F2: 0.524 | G2: 48.4 | H2: 106.6 | I2: 39.9 | J2: 85.6 | K2: 46.7 | L2: 9.9 | M2: 26.5 | N2: 37.5 | O2: 16.8 | P2: 21.8 | Q2: 77.2 | R2: 10 | S2: 33.1 | T2: 43.1 | U2: 25.2 | V2: 14.6 | W2: 7.9 | X2: 4.3 | Y2: 4.7 | Z2: 21.3 | AA2: 20 | AB2: 0.6
A3: Utah Jazz | B3: 2 | C3: 82 | D3: 48 | E3: 34 | F3: 0.585 | G3: 48.2 | H3: 104.1 | I3: 38.3 | J3: 82.9 | K3: 46.2 | L3: 10.8 | M3: 29.6 | N3: 36.6 | O3: 16.8 | P3: 21.5 | Q3: 77.9 | R3: 9 | S3: 34.2 | T3: 43.3 | U3: 22.4 | V3: 14.7 | W3: 8.6 | X3: 5.1 | Y3: 4.6 | Z3: 19.6 | AA3: 20.5 | AB3: 4.3
A4: Toronto Raptors | B4: 3 | C4: 82 | D4: 59 | E4: 23 | F4: 0.72 | G4: 48.4 | H4: 111.7 | I4: 41.3 | J4: 87.4 | K4: 47.2 | L4: 11.8 | M4: 33 | N4: 35.8 | O4: 17.3 | P4: 21.8 | Q4: 79.4 | R4: 9.8 | S4: 34.2 | T4: 44 | U4: 24.3 | V4: 13.4 | W4: 7.6 | X4: 6.1 | Y4: 4.9 | Z4: 21.7 | AA4: 19.9 | AB4: 7.8
A5: San Antonio Spurs | B5: 4 | C5: 82 | D5: 47 | E5: 35 | F5: 0.573 | G5: 48.1 | H5: 102.7 | I5: 39 | J5: 85.4 | K5: 45.7 | L5: 8.5 | M5: 24.1 | N5: 35.2 | O5: 16.1 | P5: 20.9 | Q5: 77.2 | R5: 10.4 | S5: 33.9 | T5: 44.2 | U5: 22.8 | V5: 13.1 | W5: 7.7 | X5: 5.6 | Y5: 3.9 | Z5: 17.2 | AA5: 19.7 | AB5: 2.9
A6: Sacramento Kings | B6: 5 | C6: 82 | D6: 27 | E6: 55 | F6: 0.329 | G6: 48.2 | H6: 98.8 | I6: 38.8 | J6: 86.1 | K6: 45 | L6: 9 | M6: 24 | N6: 37.5 | O6: 12.3 | P6: 16.7 | Q6: 73.5 | R6: 9.5 | S6: 31.4 | T6: 40.9 | U6: 21.6 | V6: 13.7 | W6: 7.8 | X6: 4.1 | Y6: 4.7 | Z6: 20 | AA6: 17.3 | AB6: -7
A7: Portland Trail Blazers | B7: 6 | C7: 82 | D7: 49 | E7: 33 | F7: 0.598 | G7: 48.2 | H7: 105.6 | I7: 39.3 | J7: 87 | K7: 45.2 | L7: 10.3 | M7: 28.1 | N7: 36.6 | O7: 16.7 | P7: 20.9 | Q7: 80 | R7: 10.2 | S7: 35.3 | T7: 45.5 | U7: 19.5 | V7: 13.5 | W7: 7 | X7: 5.2 | Y7: 5.1 | Z7: 19.5 | AA7: 19.1 | AB7: 2.6
A8: Phoenix Suns | B8: 7 | C8: 82 | D8: 21 | E8: 61 | F8: 0.256 | G8: 48.1 | H8: 103.9 | I8: 38.5 | J8: 87.1 | K8: 44.2 | L8: 9.3 | M8: 27.9 | N8: 33.4 | O8: 17.7 | P8: 23.9 | Q8: 74.1 | R8: 10.3 | S8: 33.9 | T8: 44.1 | U8: 21.3 | V8: 15.7 | W8: 6.9 | X8: 4.5 | Y8: 6 | Z8: 22 | AA8: 20.9 | AB8: -9.4
A9: Philadelphia 76ers | B9: 8 | C9: 82 | D9: 52 | E9: 30 | F9: 0.634 | G9: 48.2 | H9: 109.8 | I9: 40.8 | J9: 86.6 | K9: 47.2 | L9: 11 | M9: 29.8 | N9: 36.9 | O9: 17.1 | P9: 22.8 | Q9: 75.2 | R9: 10.9 | S9: 36.5 | T9: 47.4 | U9: 27.1 | V9: 16.5 | W9: 8.3 | X9: 5.1 | Y9: 5.1 | Z9: 22.1 | AA9: 20.4 | AB9: 4.5
A10: Orlando Magic | B10: 9 | C10: 82 | D10: 25 | E10: 57 | F10: 0.305 | G10: 48.1 | H10: 103.4 | I10: 38.8 | J10: 85.9 | K10: 45.2 | L10: 10.3 | M10: 29.3 | N10: 35.1 | O10: 15.5 | P10: 20.5 | Q10: 75.7 | R10: 8.8 | S10: 32.8 | T10: 41.6 | U10: 23.4 | V10: 14.5 | W10: 7.6 | X10: 4.9 | Y10: 4.9 | Z10: 19.3 | AA10: 19 | AB10: -4.8
A11: Oklahoma City Thunder | B11: 10 | C11: 82 | D11: 48 | E11: 34 | F11: 0.585 | G11: 48.4 | H11: 107.9 | I11: 39.9 | J11: 88.1 | K11: 45.3 | L11: 10.7 | M11: 30.4 | N11: 35.4 | O11: 17.3 | P11: 24.2 | Q11: 71.6 | R11: 12.5 | S11: 32.6 | T11: 45.1 | U11: 21.3 | V11: 14 | W11: 9.1 | X11: 5 | Y11: 4.6 | Z11: 20.2 | AA11: 21.3 | AB11: 3.4
A12: New York Knicks | B12: 11 | C12: 82 | D12: 29 | E12: 53 | F12: 0.354 | G12: 48.4 | H12: 104.5 | I12: 40.7 | J12: 87.7 | K12: 46.4 | L12: 8.2 | M12: 23.3 | N12: 35.2 | O12: 14.9 | P12: 19 | Q12: 78.7 | R12: 10.5 | S12: 33.6 | T12: 44 | U12: 23.3 | V12: 14.7 | W12: 6.7 | X12: 5.1 | Y12: 4.7 | Z12: 20.5 | AA12: 18.4 | AB12: -3.6
A13: New Orleans Pelicans | B13: 12 | C13: 82 | D13: 48 | E13: 34 | F13: 0.585 | G13: 48.7 | H13: 111.7 | I13: 42.7 | J13: 88.3 | K13: 48.3 | L13: 10.2 | M13: 28.2 | N13: 36.2 | O13: 16.1 | P13: 20.9 | Q13: 77.2 | R13: 8.7 | S13: 35.6 | T13: 44.3 | U13: 26.8 | V13: 14.9 | W13: 8 | X13: 5.9 | Y13: 4.2 | Z13: 19.1 | AA13: 20.4 | AB13: 1.3
... A31: Atlanta Hawks | B31: 30 | C31: 82 | D31: 24 | E31: 58 | F31: 0.293 | G31: 48.1 | H31: 103.4 | I31: 38.2 | J31: 85.5 | K31: 44.6 | L31: 11.2 | M31: 31 | N31: 36 | O31: 15.8 | P31: 20.2 | Q31: 78.5 | R31: 9.1 | S31: 32.8 | T31: 41.9 | U31: 23.7 | V31: 15.5 | W31: 7.8 | X31: 4.2 | Y31: 5.5 | Z31: 19.6 | AA31: 20.3 | AB31: -5.5

Sheet 2016
A1: TEAM | B1: TEAM # | C1: GP | D1: W | E1: L | F1: WIN% | G1: MIN | H1: PTS | I1: FGM | J1: FGA | K1: FG% | L1: 3PM | M1: 3PA | N1: 3P% | O1: FTM | P1: FTA | Q1: FT% | R1: OREB | S1: DREB | T1: REB | U1: AST | V1: TOV | W1: STL | X1: BLK | Y1: BLKA | Z1: PF | AA1: PFD | AB1: +/-
A2: Washington Wizards | B2: 1 | C2: 82 | D2: 49 | E2: 33 | F2: 0.598 | G2: 48.4 | H2: 109.2 | I2: 41.3 | J2: 87 | K2: 47.5 | L2: 9.2 | M2: 24.8 | N2: 37.2 | O2: 17.3 | P2: 22.1 | Q2: 78.4 | R2: 10.3 | S2: 32.6 | T2: 42.9 | U2: 23.9 | V2: 14.2 | W2: 8.5 | X2: 4.1 | Y2: 4.6 | Z2: 21.3 | AA2: 19.8 | AB2: 1.8
A3: Utah Jazz | B3: 2 | C3: 82 | D3: 51 | E3: 31 | F3: 0.622 | G3: 48.2 | H3: 100.7 | I3: 37 | J3: 79.5 | K3: 46.6 | L3: 9.6 | M3: 26 | N3: 37.2 | O3: 17.1 | P3: 22.9 | Q3: 74.7 | R3: 9.4 | S3: 33.8 | T3: 43.2 | U3: 20.1 | V3: 13.6 | W3: 6.7 | X3: 5 | Y3: 3.8 | Z3: 18.8 | AA3: 20.2 | AB3: 3.9
A4: Toronto Raptors | B4: 3 | C4: 82 | D4: 51 | E4: 31 | F4: 0.622 | G4: 48.2 | H4: 106.9 | I4: 39.2 | J4: 84.4 | K4: 46.4 | L4: 8.8 | M4: 24.3 | N4: 36.3 | O4: 19.7 | P4: 24.7 | Q4: 79.6 | R4: 10.6 | S4: 32.6 | T4: 43.3 | U4: 18.5 | V4: 12.7 | W4: 8.3 | X4: 4.9 | Y4: 4.8 | Z4: 20.8 | AA4: 20.3 | AB4: 4.2
A5: San Antonio Spurs | B5: 4 | C5: 82 | D5: 61 | E5: 21 | F5: 0.744 | G5: 48.3 | H5: 105.3 | I5: 39.3 | J5: 83.7 | K5: 46.9 | L5: 9.2 | M5: 23.5 | N5: 39.1 | O5: 17.6 | P5: 22 | Q5: 79.7 | R5: 10 | S5: 33.9 | T5: 43.9 | U5: 23.8 | V5: 13.4 | W5: 8 | X5: 5.9 | Y5: 4.1 | Z5: 18.3 | AA5: 19.8 | AB5: 7.2
A6: Sacramento Kings | B6: 5 | C6: 82 | D6: 32 | E6: 50 | F6: 0.39 | G6: 48.5 | H6: 102.8 | I6: 37.9 | J6: 82.1 | K6: 46.1 | L6: 9 | M6: 23.9 | N6: 37.6 | O6: 18.1 | P6: 23.3 | Q6: 77.5 | R6: 8.7 | S6: 32.3 | T6: 41.1 | U6: 22.5 | V6: 14.6 | W6: 7.6 | X6: 4 | Y6: 5.1 | Z6: 20.3 | AA6: 20.1 | AB6: -3.9
A7: Portland Trail Blazers | B7: 6 | C7: 82 | D7: 41 | E7: 41 | F7: 0.5 | G7: 48.6 | H7: 107.9 | I7: 39.5 | J7: 86.1 | K7: 45.9 | L7: 10.4 | M7: 27.7 | N7: 37.5 | O7: 18.5 | P7: 23.7 | Q7: 78 | R7: 10.1 | S7: 33.5 | T7: 43.7 | U7: 21.1 | V7: 13.7 | W7: 7 | X7: 5 | Y7: 5.3 | Z7: 21.2 | AA7: 19.8 | AB7: -0.5
A8: Phoenix Suns | B8: 7 | C8: 82 | D8: 24 | E8: 58 | F8: 0.293 | G8: 48.4 | H8: 107.7 | I8: 39.9 | J8: 88.5 | K8: 45 | L8: 7.5 | M8: 22.6 | N8: 33.2 | O8: 20.4 | P8: 26.3 | Q8: 77.6 | R8: 11.9 | S8: 33.1 | T8: 45 | U8: 19.6 | V8: 15.4 | W8: 8.2 | X8: 4.9 | Y8: 5.3 | Z8: 24.8 | AA8: 22.2 | AB8: -5.6
A9: Philadelphia 76ers | B9: 8 | C9: 82 | D9: 28 | E9: 54 | F9: 0.341 | G9: 48.4 | H9: 102.4 | I9: 37.7 | J9: 85.3 | K9: 44.2 | L9: 10.1 | M9: 29.8 | N9: 34 | O9: 17 | P9: 22 | Q9: 77.1 | R9: 9.8 | S9: 33 | T9: 42.8 | U9: 23.8 | V9: 16.7 | W9: 8.4 | X9: 5.1 | Y9: 5.4 | Z9: 21.9 | AA9: 19.6 | AB9: -5.7
A10: Orlando Magic | B10: 9 | C10: 82 | D10: 29 | E10: 53 | F10: 0.354 | G10: 48.3 | H10: 101.1 | I10: 38.3 | J10: 87 | K10: 44 | L10: 8.5 | M10: 26.1 | N10: 32.8 | O10: 16 | P10: 21.4 | Q10: 74.7 | R10: 9.8 | S10: 33.3 | T10: 43.2 | U10: 22.2 | V10: 13.3 | W10: 7.1 | X10: 4.8 | Y10: 5.1 | Z10: 19.3 | AA10: 18.7 | AB10: -6.6
A11: Oklahoma City Thunder | B11: 10 | C11: 82 | D11: 47 | E11: 35 | F11: 0.573 | G11: 48.3 | H11: 106.6 | I11: 39.5 | J11: 87.4 | K11: 45.2 | L11: 8.4 | M11: 25.8 | N11: 32.7 | O11: 19.2 | P11: 25.8 | Q11: 74.5 | R11: 12.2 | S11: 34.4 | T11: 46.6 | U11: 21 | V11: 15 | W11: 7.9 | X11: 5 | Y11: 5.5 | Z11: 20.9 | AA11: 20.7 | AB11: 0.8
A12: New York Knicks | B12: 11 | C12: 82 | D12: 31 | E12: 51 | F12: 0.378 | G12: 48.4 | H12: 104.3 | I12: 39.6 | J12: 88.5 | K12: 44.7 | L12: 8.6 | M12: 24.7 | N12: 34.8 | O12: 16.6 | P12: 21.1 | Q12: 78.8 | R12: 12 | S12: 33.2 | T12: 45.2 | U12: 21.8 | V12: 13.9 | W12: 7.1 | X12: 5.5 | Y12: 4.6 | Z12: 20.3 | AA12: 18.5 | AB12: -3.7
A13: New Orleans Pelicans | B13: 12 | C13: 82 | D13: 34 | E13: 48 | F13: 0.415 | G13: 48.5 | H13: 104.3 | I13: 39.1 | J13: 87 | K13: 45 | L13: 9.4 | M13: 26.8 | N13: 35 | O13: 16.7 | P13: 22.3 | Q13: 75 | R13: 8.6 | S13: 35.1 | T13: 43.7 | U13: 22.8 | V13: 12.9 | W13: 7.8 | X13: 5.5 | Y13: 4.2 | Z13: 18.2 | AA13: 19.3 | AB13: -2.1
... A31: Atlanta Hawks | B31: 30 | C31: 82 | D31: 43 | E31: 39 | F31: 0.524 | G31: 48.5 | H31: 103.2 | I31: 38.1 | J31: 84.4 | K31: 45.1 | L31: 8.9 | M31: 26.1 | N31: 34.1 | O31: 18.1 | P31: 24.9 | Q31: 72.8 | R31: 10.3 | S31: 34.1 | T31: 44.3 | U31: 23.6 | V31: 15.8 | W31: 8.2 | X31: 4.8 | Y31: 5.2 | Z31: 18.2 | AA31: 21.6 | AB31: -0.9

Sheet 2015
A1: TEAM | B1: TEAM # | C1: GP | D1: W | E1: L | F1: WIN% | G1: MIN | H1: PTS | I1: FGM | J1: FGA | K1: FG% | L1: 3PM | M1: 3PA | N1: 3P% | O1: FTM | P1: FTA | Q1: FT% | R1: OREB | S1: DREB | T1: REB | U1: AST | V1: TOV | W1: STL | X1: BLK | Y1: BLKA | Z1: PF | AA1: PFD | AB1: +/-
A2: Washington Wizards | B2: 1 | C2: 82 | D2: 41 | E2: 41 | F2: 0.5 | G2: 48.2 | H2: 104.1 | I2: 39.5 | J2: 85.8 | K2: 46 | L2: 8.6 | M2: 24.2 | N2: 35.8 | O2: 16.5 | P2: 22.5 | Q2: 73 | R2: 9.1 | S2: 32.8 | T2: 41.8 | U2: 24.5 | V2: 14.5 | W2: 8.6 | X2: 3.9 | Y2: 4.3 | Z2: 20.8 | AA2: 20.1 | AB2: -0.5
A3: Utah Jazz | B3: 2 | C3: 82 | D3: 40 | E3: 42 | F3: 0.488 | G3: 48.7 | H3: 97.7 | I3: 36.1 | J3: 80.4 | K3: 44.9 | L3: 8.5 | M3: 23.9 | N3: 35.5 | O3: 17.1 | P3: 23 | Q3: 74.4 | R3: 10.7 | S3: 32.5 | T3: 43.2 | U3: 19 | V3: 14.9 | W3: 7.7 | X3: 5.2 | Y3: 4.7 | Z3: 20.2 | AA3: 19.9 | AB3: 1.8
A4: Toronto Raptors | B4: 3 | C4: 82 | D4: 56 | E4: 26 | F4: 0.683 | G4: 48.2 | H4: 102.7 | I4: 36.7 | J4: 81.3 | K4: 45.1 | L4: 8.6 | M4: 23.4 | N4: 37 | O4: 20.8 | P4: 26.7 | Q4: 77.7 | R4: 10.2 | S4: 33.2 | T4: 43.4 | U4: 18.7 | V4: 13.1 | W4: 7.8 | X4: 5.5 | Y4: 5.4 | Z4: 19.6 | AA4: 22 | AB4: 4.5
A5: San Antonio Spurs | B5: 4 | C5: 82 | D5: 67 | E5: 15 | F5: 0.817 | G5: 48.1 | H5: 103.5 | I5: 40.1 | J5: 82.9 | K5: 48.4 | L5: 7 | M5: 18.5 | N5: 37.5 | O5: 16.4 | P5: 20.4 | Q5: 80.3 | R5: 9.4 | S5: 34.5 | T5: 43.9 | U5: 24.5 | V5: 13.1 | W5: 8.3 | X5: 5.9 | Y5: 3.9 | Z5: 17.5 | AA5: 19.5 | AB5: 10.6
A6: Sacramento Kings | B6: 5 | C6: 82 | D6: 3 | E6: 49 | F6: 0.402 | G6: 48.3 | H6: 106.6 | I6: 40 | J6: 86.4 | K6: 46.4 | L6: 8 | M6: 22.4 | N6: 35.9 | O6: 18.5 | P6: 25.5 | Q6: 72.5 | R6: 10.6 | S6: 33.7 | T6: 44.2 | U6: 24.5 | V6: 16.2 | W6: 8.9 | X6: 4.5 | Y6: 5.3 | Z6: 20.4 | AA6: 22 | AB6: -2.5
A7: Portland Trail Blazers | B7: 6 | C7: 82 | D7: 44 | E7: 38 | F7: 0.537 | G7: 48.3 | H7: 105.1 | I7: 38.6 | J7: 85.9 | K7: 45 | L7: 10.5 | M7: 28.5 | N7: 37 | O7: 17.4 | P7: 23 | Q7: 75.4 | R7: 11.6 | S7: 33.9 | T7: 45.5 | U7: 21.3 | V7: 14.6 | W7: 6.9 | X7: 4.6 | Y7: 5.2 | Z7: 21.7 | AA7: 19.5 | AB7: 0.8
A8: Phoenix Suns | B8: 7 | C8: 82 | D8: 23 | E8: 59 | F8: 0.28 | G8: 48.1 | H8: 100.9 | I8: 37.2 | J8: 85.6 | K8: 43.5 | L8: 9 | M8: 25.8 | N8: 34.8 | O8: 17.5 | P8: 23.2 | Q8: 75.1 | R8: 11.5 | S8: 33.3 | T8: 44.8 | U8: 20.7 | V8: 17.2 | W8: 7.7 | X8: 3.8 | Y8: 5.5 | Z8: 22.7 | AA8: 21.6 | AB8: -6.7
A9: Philadelphia 76ers | B9: 8 | C9: 82 | D9: 10 | E9: 72 | F9: 0.122 | G9: 48.3 | H9: 97.4 | I9: 36.2 | J9: 84 | K9: 43.1 | L9: 9.3 | M9: 27.5 | N9: 33.9 | O9: 15.7 | P9: 22.6 | Q9: 69.4 | R9: 9.5 | S9: 31.8 | T9: 41.2 | U9: 21.5 | V9: 16.4 | W9: 8.3 | X9: 6 | Y9: 5.7 | Z9: 21.7 | AA9: 19.2 | AB9: -10.2
A10: Orlando Magic | B10: 9 | C10: 82 | D10: 35 | E10: 47 | F10: 0.427 | G10: 48.5 | H10: 102.1 | I10: 39.5 | J10: 86.8 | K10: 45.5 | L10: 7.8 | M10: 22.2 | N10: 35 | O10: 15.2 | P10: 20.1 | Q10: 75.7 | R10: 10.3 | S10: 33 | T10: 43.3 | U10: 23.6 | V10: 14.1 | W10: 8.2 | X10: 5.1 | Y10: 5.5 | Z10: 20.7 | AA10: 18.3 | AB10: -1.6
A11: Oklahoma City Thunder | B11: 10 | C11: 82 | D11: 55 | E11: 27 | F11: 0.671 | G11: 48.4 | H11: 110.2 | I11: 41.1 | J11: 86.4 | K11: 47.6 | L11: 8.3 | M11: 23.7 | N11: 34.9 | O11: 19.7 | P11: 25.2 | Q11: 78.2 | R11: 13.1 | S11: 35.6 | T11: 48.6 | U11: 23 | V11: 15.9 | W11: 7.4 | X11: 5.9 | Y11: 4.5 | Z11: 20.6 | AA11: 20.2 | AB11: 7.3
A12: New York Knicks | B12: 11 | C12: 82 | D12: 32 | E12: 50 | F12: 0.39 | G12: 48.3 | H12: 98.4 | I12: 36.9 | J12: 84 | K12: 43.9 | L12: 7.4 | M12: 21.5 | N12: 34.6 | O12: 17.2 | P12: 21.4 | Q12: 80.5 | R12: 10.4 | S12: 34 | T12: 44.4 | U12: 20.5 | V12: 13.4 | W12: 5.7 | X12: 5.7 | Y12: 4.2 | Z12: 19.7 | AA12: 18.5 | AB12: -2.7
A13: New Orleans Pelicans | B13: 12 | C13: 82 | D13: 30 | E13: 52 | F13: 0.366 | G13: 48.2 | H13: 102.7 | I13: 38.5 | J13: 85.9 | K13: 44.8 | L13: 8.6 | M13: 23.8 | N13: 36 | O13: 17.3 | P13: 22.2 | Q13: 77.6 | R13: 9.5 | S13: 33.1 | T13: 42.6 | U13: 22.2 | V13: 13.4 | W13: 7.7 | X13: 4.2 | Y13: 5.2 | Z13: 20.9 | AA13: 19.9 | AB13: -3.8
... A31: Atlanta Hawks | B31: 30 | C31: 82 | D31: 48 | E31: 34 | F31: 0.585 | G31: 48.4 | H31: 102.8 | I31: 38.6 | J31: 84.4 | K31: 45.8 | L31: 9.9 | M31: 28.4 | N31: 35 | O31: 15.6 | P31: 20 | Q31: 78.3 | R31: 8.3 | S31: 33.8 | T31: 42.1 | U31: 25.6 | V31: 15 | W31: 9.1 | X31: 5.9 | Y31: 5 | Z31: 19.1 | AA31: 18.3 | AB31: 3.6

Sheet 2014
A1: TEAM | B1: TEAM # | C1: GP | D1: W | E1: L | F1: WIN% | G1: MIN | H1: PTS | I1: FGM | J1: FGA | K1: FG% | L1: 3PM | M1: 3PA | N1: 3P% | O1: FTM | P1: FTA | Q1: FT% | R1: OREB | S1: DREB | T1: REB | U1: AST | V1: TOV | W1: STL | X1: BLK | Y1: BLKA | Z1: PF | AA1: PFD | AB1: +/-
A2: Washington Wizards | B2: 1 | C2: 82 | D2: 46 | E2: 36 | F2: 0.561 | G2: 48.7 | H2: 98.5 | I2: 38.3 | J2: 82.8 | K2: 46.2 | L2: 6.1 | M2: 16.8 | N2: 36 | O2: 15.9 | P2: 21.4 | Q2: 74.2 | R2: 10.5 | S2: 34.2 | T2: 44.7 | U2: 24 | V2: 15 | W2: 7.3 | X2: 4.6 | Y2: 4.3 | Z2: 20.8 | AA2: 19.6 | AB2: 0.7
A3: Utah Jazz | B3: 2 | C3: 82 | D3: 38 | E3: 44 | F3: 0.463 | G3: 48.1 | H3: 95.1 | I3: 35.4 | J3: 79.2 | K3: 44.7 | L3: 7.4 | M3: 21.7 | N3: 34.3 | O3: 17 | P3: 23.5 | Q3: 72.1 | R3: 12 | S3: 31.9 | T3: 44 | U3: 19.9 | V3: 15.3 | W3: 7.6 | X3: 6 | Y3: 4.7 | Z3: 19.3 | AA3: 19.6 | AB3: 0.2
A4: Toronto Raptors | B4: 3 | C4: 82 | D4: 49 | E4: 33 | F4: 0.598 | G4: 48.4 | H4: 104 | I4: 37.9 | J4: 83.3 | K4: 45.5 | L4: 8.9 | M4: 25.1 | N4: 35.2 | O4: 19.3 | P4: 24.6 | Q4: 78.7 | R4: 10.7 | S4: 30.8 | T4: 41.5 | U4: 20.7 | V4: 12.9 | W4: 7.5 | X4: 4.4 | Y4: 5 | Z4: 20.9 | AA4: 20.3 | AB4: 3.1
A5: San Antonio Spurs | B5: 4 | C5: 82 | D5: 55 | E5: 27 | F5: 0.671 | G5: 48.7 | H5: 103.2 | I5: 39.1 | J5: 83.6 | K5: 46.8 | L5: 8.3 | M5: 22.5 | N5: 36.7 | O5: 16.7 | P5: 21.4 | Q5: 78 | R5: 9.8 | S5: 33.8 | T5: 43.6 | U5: 24.4 | V5: 14 | W5: 8 | X5: 5.4 | Y5: 4.4 | Z5: 19.1 | AA5: 19.7 | AB5: 6.2
A6: Sacramento Kings | B6: 5 | C6: 82 | D6: 29 | E6: 53 | F6: 0.354 | G6: 48.4 | H6: 101.3 | I6: 36.7 | J6: 80.7 | K6: 45.5 | L6: 5.6 | M6: 16.5 | N6: 34.1 | O6: 22.3 | P6: 29.3 | Q6: 76.2 | R6: 10.9 | S6: 33.3 | T6: 44.2 | U6: 20.3 | V6: 16.3 | W6: 6.7 | X6: 4 | Y6: 6.2 | Z6: 20.7 | AA6: 23.9 | AB6: -3.7
A7: Portland Trail Blazers | B7: 6 | C7: 82 | D7: 51 | E7: 31 | F7: 0.622 | G7: 48.4 | H7: 102.8 | I7: 38.7 | J7: 86 | K7: 45 | L7: 9.8 | M7: 27.2 | N7: 36.2 | O7: 15.5 | P7: 19.4 | Q7: 80.1 | R7: 10.7 | S7: 35.1 | T7: 45.9 | U7: 21.9 | V7: 13.6 | W7: 6.4 | X7: 4.5 | Y7: 3.6 | Z7: 18.2 | AA7: 18.7 | AB7: 4.2
A8: Phoenix Suns | B8: 7 | C8: 82 | D8: 39 | E8: 43 | F8: 0.476 | G8: 48.5 | H8: 102.4 | I8: 38.8 | J8: 85.8 | K8: 45.2 | L8: 8.5 | M8: 25 | N8: 34.1 | O8: 16.4 | P8: 21.5 | Q8: 76 | R8: 10.9 | S8: 32.2 | T8: 43.2 | U8: 20.2 | V8: 15.1 | W8: 8.5 | X8: 4.7 | Y8: 4.1 | Z8: 21.3 | AA8: 20.3 | AB8: -0.9
A9: Philadelphia 76ers | B9: 8 | C9: 82 | D9: 18 | E9: 64 | F9: 0.22 | G9: 48.3 | H9: 92 | I9: 33.7 | J9: 82.6 | K9: 40.8 | L9: 8.4 | M9: 26.3 | N9: 32 | O9: 16.1 | P9: 23.8 | Q9: 67.6 | R9: 11.9 | S9: 30.9 | T9: 42.9 | U9: 20.5 | V9: 17.7 | W9: 9.6 | X9: 5.9 | Y9: 5.5 | Z9: 21.7 | AA9: 20.2 | AB9: -9
A10: Orlando Magic | B10: 9 | C10: 82 | D10: 25 | E10: 57 | F10: 0.305 | G10: 48.2 | H10: 95.7 | I10: 37.5 | J10: 82.8 | K10: 45.3 | L10: 6.8 | M10: 19.5 | N10: 34.7 | O10: 13.9 | P10: 19.1 | Q10: 72.9 | R10: 10 | S10: 31.8 | T10: 41.8 | U10: 20.6 | V10: 14.9 | W10: 7.9 | X10: 3.8 | Y10: 5.4 | Z10: 20.9 | AA10: 17.9 | AB10: -5.7
A11: Oklahoma City Thunder | B11: 10 | C11: 82 | D11: 45 | E11: 37 | F11: 0.549 | G11: 48.4 | H11: 104 | I11: 38.8 | J11: 86.8 | K11: 44.7 | L11: 7.7 | M11: 22.7 | N11: 33.9 | O11: 18.6 | P11: 24.6 | Q11: 75.4 | R11: 12.8 | S11: 34.7 | T11: 47.5 | U11: 20.5 | V11: 14.7 | W11: 7.3 | X11: 5.5 | Y11: 4.6 | Z11: 22.3 | AA11: 20.4 | AB11: 2.2
A12: New York Knicks | B12: 11 | C12: 82 | D12: 17 | E12: 65 | F12: 0.207 | G12: 48.4 | H12: 91.9 | I12: 35.1 | J12: 82 | K12: 42.8 | L12: 6.8 | M12: 19.7 | N12: 34.7 | O12: 14.8 | P12: 19.2 | Q12: 76.9 | R12: 10.6 | S12: 29.8 | T12: 40.4 | U12: 21.3 | V12: 14.7 | W12: 7 | X12: 4.7 | Y12: 4.3 | Z12: 21.6 | AA12: 19.1 | AB12: -9.3
A13: New Orleans Pelicans | B13: 12 | C13: 82 | D13: 45 | E13: 37 | F13: 0.549 | G13: 48.2 | H13: 99.4 | I13: 37.9 | J13: 82.9 | K13: 45.7 | L13: 7.1 | M13: 19.3 | N13: 37 | O13: 16.4 | P13: 21.8 | Q13: 75.1 | R13: 11.5 | S13: 32 | T13: 43.5 | U13: 22 | V13: 13.3 | W13: 6.7 | X13: 6.2 | Y13: 5.8 | Z13: 18.7 | AA13: 18.7 | AB13: 0.8
... A31: Atlanta Hawks | B31: 30 | C31: 82 | D31: 60 | E31: 22 | F31: 0.732 | G31: 48.1 | H31: 102.5 | I31: 38.1 | J31: 81.7 | K31: 46.6 | L31: 10 | M31: 26.2 | N31: 38 | O31: 16.5 | P31: 21.2 | Q31: 77.8 | R31: 8.7 | S31: 31.8 | T31: 40.6 | U31: 25.7 | V31: 14.2 | W31: 9.1 | X31: 4.6 | Y31: 4.9 | Z31: 17.8 | AA31: 19.6 | AB31: 5.4

Sheet 2013
A1: TEAM | B1: TEAM # | C1: GP | D1: W | E1: L | F1: WIN% | G1: MIN | H1: PTS | I1: FGM | J1: FGA | K1: FG% | L1: 3PM | M1: 3PA | N1: 3P% | O1: FTM | P1: FTA | Q1: FT% | R1: OREB | S1: DREB | T1: REB | U1: AST | V1: TOV | W1: STL | X1: BLK | Y1: BLKA | Z1: PF | AA1: PFD | AB1: +/-
A2: Washington Wizards | B2: 1 | C2: 82 | D2: 44 | E2: 38 | F2: 0.537 | G2: 48.9 | H2: 100.7 | I2: 38.7 | J2: 84.4 | K2: 45.9 | L2: 7.9 | M2: 20.8 | N2: 38 | O2: 15.3 | P2: 20.9 | Q2: 73.1 | R2: 10.8 | S2: 31.4 | T2: 42.2 | U2: 23.3 | V2: 14.7 | W2: 8.1 | X2: 4.6 | Y2: 3.9 | Z2: 20.4 | AA2: 19.5 | AB2: 1.3
A3: Utah Jazz | B3: 2 | C3: 82 | D3: 25 | E3: 57 | F3: 0.305 | G3: 48.2 | H3: 95 | I3: 36 | J3: 81.1 | K3: 44.4 | L3: 6.6 | M3: 19.2 | N3: 34.4 | O3: 16.4 | P3: 22 | Q3: 74.7 | R3: 11 | S3: 30.2 | T3: 41.2 | U3: 20.3 | V3: 14.6 | W3: 7 | X3: 4.5 | Y3: 4.9 | Z3: 20.7 | AA3: 20.4 | AB3: -7.2
A4: Toronto Raptors | B4: 3 | C4: 82 | D4: 48 | E4: 34 | F4: 0.585 | G4: 48.7 | H4: 101.3 | I4: 36.5 | J4: 81.9 | K4: 44.5 | L4: 8.7 | M4: 23.4 | N4: 37.2 | O4: 19.6 | P4: 25.1 | Q4: 78.2 | R4: 11.4 | S4: 31.1 | T4: 42.5 | U4: 21.2 | V4: 14.1 | W4: 7 | X4: 4.2 | Y4: 4.3 | Z4: 23 | AA4: 22.1 | AB4: 3.2
A5: San Antonio Spurs | B5: 4 | C5: 82 | D5: 62 | E5: 20 | F5: 0.756 | G5: 48.2 | H5: 105.4 | I5: 40.6 | J5: 83.5 | K5: 48.6 | L5: 8.5 | M5: 21.4 | N5: 39.7 | O5: 15.7 | P5: 20 | Q5: 78.5 | R5: 9.3 | S5: 34 | T5: 43.3 | U5: 25.2 | V5: 14.4 | W5: 7.4 | X5: 5.1 | Y5: 4.6 | Z5: 18.2 | AA5: 19.3 | AB5: 7.7
A6: Sacramento Kings | B6: 5 | C6: 82 | D6: 28 | E6: 54 | F6: 0.341 | G6: 48.4 | H6: 100.5 | I6: 36.9 | J6: 82.5 | K6: 44.7 | L6: 6 | M6: 18 | N6: 33.3 | O6: 20.7 | P6: 27.3 | Q6: 75.9 | R6: 12.1 | S6: 32.4 | T6: 44.5 | U6: 18.9 | V6: 15.2 | W6: 7.2 | X6: 3.9 | Y6: 5.6 | Z6: 22.5 | AA6: 23.1 | AB6: -2.9
A7: Portland Trail Blazers | B7: 6 | C7: 82 | D7: 54 | E7: 28 | F7: 0.659 | G7: 48.4 | H7: 106.7 | I7: 39.1 | J7: 87 | K7: 45 | L7: 9.4 | M7: 25.3 | N7: 37.2 | O7: 19.1 | P7: 23.5 | Q7: 81.5 | R7: 12.5 | S7: 34 | T7: 46.4 | U7: 23.2 | V7: 13.7 | W7: 5.5 | X7: 4.7 | Y7: 3.7 | Z7: 19.2 | AA7: 20.7 | AB7: 4
A8: Phoenix Suns | B8: 7 | C8: 82 | D8: 48 | E8: 34 | F8: 0.585 | G8: 48.2 | H8: 105.2 | I8: 38.7 | J8: 83.5 | K8: 46.3 | L8: 9.3 | M8: 25.1 | N8: 37.2 | O8: 18.5 | P8: 24.4 | Q8: 75.8 | R8: 11.3 | S8: 31.7 | T8: 43 | U8: 19.1 | V8: 15.3 | W8: 8.4 | X8: 4.6 | Y8: 4 | Z8: 21.9 | AA8: 21.3 | AB8: 2.6
A9: Philadelphia 76ers | B9: 8 | C9: 82 | D9: 19 | E9: 63 | F9: 0.232 | G9: 48.4 | H9: 99.5 | I9: 37.9 | J9: 87.2 | K9: 43.5 | L9: 7 | M9: 22.5 | N9: 31.2 | O9: 16.6 | P9: 23.4 | Q9: 71 | R9: 11.6 | S9: 31.2 | T9: 42.7 | U9: 21.8 | V9: 16.9 | W9: 9.3 | X9: 4 | Y9: 6.8 | Z9: 22.5 | AA9: 20.6 | AB9: -10.5
A10: Orlando Magic | B10: 9 | C10: 82 | D10: 23 | E10: 59 | F10: 0.28 | G10: 48.7 | H10: 96.5 | I10: 36.9 | J10: 82.7 | K10: 44.5 | L10: 6.9 | M10: 19.5 | N10: 35.3 | O10: 15.9 | P10: 20.9 | Q10: 76.3 | R10: 9.7 | S10: 32.4 | T10: 42 | U10: 21 | V10: 14.9 | W10: 7.7 | X10: 4.3 | Y10: 5.4 | Z10: 20.5 | AA10: 18.3 | AB10: -5.4
A11: Oklahoma City Thunder | B11: 10 | C11: 82 | D11: 59 | E11: 23 | F11: 0.72 | G11: 48.3 | H11: 106.2 | I11: 39 | J11: 82.7 | K11: 47.1 | L11: 8.1 | M11: 22.4 | N11: 36.1 | O11: 20.2 | P11: 25 | Q11: 80.6 | R11: 10.8 | S11: 33.9 | T11: 44.7 | U11: 21.9 | V11: 15.3 | W11: 8.3 | X11: 6.1 | Y11: 3.6 | Z11: 22.7 | AA11: 20.4 | AB11: 6.3
A12: New York Knicks | B12: 11 | C12: 82 | D12: 37 | E12: 45 | F12: 0.451 | G12: 48.4 | H12: 98.6 | I12: 36.9 | J12: 82.2 | K12: 44.9 | L12: 9.3 | M12: 24.9 | N12: 37.2 | O12: 15.5 | P12: 20.4 | Q12: 76.1 | R12: 10.6 | S12: 29.7 | T12: 40.3 | U12: 20 | V12: 13 | W12: 7.7 | X12: 4.5 | Y12: 3.4 | Z12: 22.1 | AA12: 19.6 | AB12: -0.8
A13: New Orleans Pelicans | B13: 12 | C13: 82 | D13: 34 | E13: 48 | F13: 0.415 | G13: 48.4 | H13: 99.7 | I13: 37.8 | J13: 82.5 | K13: 45.9 | L13: 5.9 | M13: 15.9 | N13: 37.3 | O13: 18.2 | P13: 23.6 | Q13: 76.9 | R13: 11.4 | S13: 30.3 | T13: 41.7 | U13: 21.3 | V13: 13.8 | W13: 7.9 | X13: 6.4 | Y13: 6.1 | Z13: 22.6 | AA13: 20.3 | AB13: -2.7
... A31: Atlanta Hawks | B31: 30 | C31: 82 | D31: 38 | E31: 44 | F31: 0.463 | G31: 48.4 | H31: 101 | I31: 37.3 | J31: 81.6 | K31: 45.8 | L31: 9.4 | M31: 25.8 | N31: 36.3 | O31: 17 | P31: 21.7 | Q31: 78.1 | R31: 8.7 | S31: 31.3 | T31: 40 | U31: 24.9 | V31: 15.3 | W31: 8.3 | X31: 4 | Y31: 4.3 | Z31: 19.2 | AA31: 20 | AB31: -0.5
